hour,day_of_week,stop_index,num_stops_remaining,network_quality,eta_minutes
17,0,0,4,1,14.4
8,5,0,4,1,13.64
16,0,1,3,1,12.65
19,6,0,4,0,10.43
19,2,0,4,0,12.6
12,4,2,2,0,8.53
13,0,2,2,1,6.73
18,0,0,4,0,21.6
20,0,3,1,1,3.36
20,2,1,3,1,9.07
17,2,0,4,0,16.5
11,5,1,3,1,8.64
10,6,0,4,1,17.21
16,5,2,2,0,12.87
11,1,1,3,1,10.24
13,4,3,1,1,2.66
9,4,3,1,0,9.93
9,6,3,1,0,5.97
15,6,0,4,0,11.58
17,2,0,4,1,16.1
18,5,2,2,0,12.84
15,4,1,3,0,8.98
19,4,0,4,1,12.47
8,2,2,2,0,12.58
8,5,3,1,0,8.33
15,1,2,2,1,7.89
15,6,1,3,1,9.22
12,3,3,1,0,2.18
7,4,1,3,0,9.15
7,1,0,4,0,13.65
10,2,3,1,0,10.7
16,3,1,3,1,13.8
8,5,3,1,1,6.95
17,5,0,4,0,17.12
10,4,3,1,0,6.55
8,3,0,4,0,16.82
8,6,1,3,0,15.83
9,3,0,4,1,16.41
14,2,3,1,1,2.46
11,1,0,4,0,13.16
16,3,1,3,0,13.72
16,0,1,3,1,13.15
10,4,0,4,0,17.58
11,1,2,2,0,5.46
17,2,3,1,1,10.52
7,3,0,4,0,13.67
9,2,0,4,0,16.61
18,2,0,4,1,17.04
9,2,0,4,0,16.44
10,5,2,2,0,9.82
20,0,0,4,1,13.49
7,0,2,2,0,7.33
18,3,3,1,0,9.3
9,4,0,4,1,15.77
9,0,2,2,1,12.98
20,0,2,2,0,8.73
12,6,3,1,0,1.0
19,6,1,3,1,10.16
12,6,3,1,0,3.94
20,0,3,1,0,4.55
12,2,1,3,0,7.67
12,2,0,4,1,12.05
15,3,2,2,0,7.37
9,4,2,2,0,10.36
12,3,0,4,1,13.7
10,2,0,4,1,15.78
15,5,1,3,1,9.98
12,4,2,2,0,7.78
11,5,3,1,1,2.08
9,1,3,1,1,9.42
16,4,2,2,1,9.19
11,1,3,1,1,3.39
14,5,1,3,1,9.29
18,1,0,4,1,16.96
12,0,1,3,1,8.67
10,1,0,4,0,17.43
8,3,3,1,0,8.61
9,5,0,4,0,19.98
14,0,1,3,0,11.23
17,4,2,2,1,11.61
15,3,3,1,0,5.4
11,6,1,3,1,8.03
17,1,2,2,1,8.17
11,2,2,2,0,5.25
18,1,1,3,0,13.38
7,1,3,1,1,4.71
16,5,0,4,1,13.92
13,6,3,1,0,2.57
13,2,3,1,0,7.12
16,4,0,4,1,17.36
8,5,3,1,0,8.13
14,2,2,2,1,5.83
20,3,2,2,0,8.13
7,2,1,3,0,12.08
19,0,1,3,0,12.22
10,1,3,1,0,8.23
19,2,1,3,0,10.6
11,0,0,4,1,12.73
13,3,1,3,0,11.86
10,0,2,2,0,11.57
15,3,2,2,0,7.05
20,3,3,1,0,3.82
20,3,1,3,1,8.53
15,5,2,2,1,6.55
16,2,2,2,0,12.31
10,6,3,1,1,5.33
14,1,2,2,1,6.02
16,5,2,2,0,9.87
15,6,1,3,1,8.18
19,0,0,4,1,11.66
18,1,2,2,1,10.49
13,5,2,2,1,4.41
11,1,0,4,0,13.49
19,5,1,3,0,10.68
19,4,2,2,0,8.22
12,1,2,2,0,7.21
7,0,2,2,0,8.81
8,6,0,4,1,14.55
7,2,3,1,0,5.49
8,4,0,4,0,15.76
10,0,3,1,0,10.35
11,6,3,1,1,1.04
18,0,1,3,0,11.1
15,0,1,3,0,10.7
14,2,0,4,0,12.0
20,3,0,4,0,16.06
17,4,1,3,1,11.13
9,2,1,3,0,14.19
20,4,2,2,1,5.37
18,2,3,1,1,7.48
8,4,0,4,1,17.75
7,0,1,3,0,13.02
11,4,0,4,0,13.84
11,1,3,1,1,4.91
14,2,3,1,1,2.96
8,6,1,3,1,12.64
13,6,0,4,1,11.58
8,6,3,1,0,6.76
12,4,3,1,1,4.28
10,2,1,3,1,13.85
8,0,1,3,0,11.52
10,6,0,4,1,15.95
18,2,2,2,1,13.28
10,3,1,3,1,12.56
18,1,0,4,1,18.65
12,6,2,2,0,6.39
17,3,1,3,1,13.19
15,6,3,1,1,2.74
18,1,3,1,0,9.02
14,5,3,1,1,2.4
17,1,3,1,0,8.36
8,6,3,1,0,8.31
17,1,0,4,1,16.92
16,5,3,1,0,9.28
12,5,3,1,0,2.76
11,1,0,4,1,13.94
19,5,0,4,1,11.57
7,0,2,2,0,6.3
9,1,3,1,0,6.61
16,5,1,3,1,14.75
11,3,2,2,0,8.99
11,5,1,3,0,9.26
17,3,2,2,1,10.98
13,6,3,1,0,4.54
18,2,0,4,1,15.8
17,6,0,4,1,16.85
10,4,2,2,0,13.06
18,6,1,3,0,13.88
16,2,1,3,0,15.19
10,1,2,2,1,11.09
20,3,2,2,1,7.41
14,0,1,3,0,12.61
13,6,2,2,0,4.08
14,2,2,2,1,7.47
12,0,1,3,1,8.08
15,2,1,3,0,10.93
18,2,3,1,0,8.26
14,0,0,4,0,13.96
14,2,3,1,0,6.51
20,3,3,1,1,2.1
12,1,3,1,1,4.85
20,2,0,4,1,12.63
17,2,0,4,1,17.01
20,6,3,1,0,4.03
7,0,2,2,0,10.32
10,0,1,3,0,15.51
19,4,0,4,1,13.58
9,1,2,2,0,10.3
12,6,1,3,1,8.76
9,5,3,1,0,9.68
8,3,1,3,0,17.52
11,3,0,4,0,16.54
13,5,0,4,1,10.91
8,2,1,3,0,13.76
18,2,3,1,1,7.63
8,6,0,4,0,16.08
13,3,0,4,1,12.28
17,2,2,2,0,10.92
8,0,3,1,0,7.86
7,4,2,2,0,8.26
19,3,0,4,1,12.8
12,0,1,3,0,10.3
8,2,2,2,0,13.77
20,4,0,4,1,11.09
11,5,2,2,1,4.84
9,4,3,1,0,6.19
18,4,1,3,1,12.7
12,2,2,2,0,8.0
19,4,0,4,0,13.07
14,4,3,1,1,2.82
19,4,0,4,1,12.29
11,5,3,1,1,3.09
16,0,0,4,0,14.46
11,2,2,2,0,6.27
9,1,3,1,0,10.75
8,3,0,4,1,15.84
20,2,3,1,1,4.13
13,2,0,4,1,11.06
12,1,3,1,1,2.26
20,0,1,3,1,9.77
15,0,3,1,1,4.24
10,2,1,3,0,13.03
19,2,2,2,0,5.38
10,1,1,3,0,14.28
19,4,3,1,1,4.59
17,2,1,3,1,11.6
11,6,2,2,0,4.98
7,0,2,2,1,5.23
20,6,0,4,1,11.74
19,5,0,4,1,10.9
10,2,3,1,0,11.07
20,2,0,4,0,12.28
14,4,1,3,1,9.12
11,3,3,1,1,4.04
7,6,2,2,0,6.73
11,5,1,3,1,9.83
12,2,3,1,0,6.19
11,4,3,1,1,4.44
17,5,0,4,1,15.92
10,2,3,1,0,4.69
20,6,0,4,0,14.04
16,3,1,3,0,14.37
9,5,3,1,0,5.57
11,6,3,1,0,3.6
14,6,1,3,1,8.35
14,3,2,2,1,6.51
13,1,1,3,0,10.65
14,6,2,2,0,5.01
8,6,1,3,1,13.26
8,1,3,1,1,8.97
13,4,2,2,0,5.79
10,0,2,2,0,14.33
9,0,2,2,1,10.2
18,3,3,1,0,7.35
9,4,3,1,0,7.42
10,3,3,1,0,8.85
7,5,1,3,0,7.48
16,3,1,3,0,15.4
15,4,0,4,1,13.62
7,5,3,1,1,1.54
19,0,2,2,0,8.82
19,4,2,2,0,5.82
20,5,1,3,1,7.47
9,6,1,3,0,10.73
19,1,0,4,1,13.8
15,3,3,1,1,2.11
17,1,2,2,1,10.59
17,2,2,2,0,12.15
14,3,2,2,0,7.48
19,4,2,2,0,7.15
16,6,1,3,1,13.11
11,3,3,1,0,4.81
7,5,2,2,1,7.39
7,0,3,1,1,3.54
18,5,1,3,0,11.59
8,1,2,2,1,10.23
16,1,3,1,1,7.78
16,1,2,2,1,9.09
8,0,1,3,1,14.81
8,2,2,2,1,9.69
18,3,1,3,0,10.36
18,3,0,4,1,17.8
15,4,2,2,1,7.55
18,5,1,3,1,12.4
9,1,3,1,0,8.13
15,1,0,4,0,14.24
18,3,3,1,1,7.51
12,5,0,4,1,11.62
9,6,1,3,0,9.5
9,2,1,3,0,14.17
15,2,0,4,1,11.59
15,2,1,3,1,9.84
8,4,1,3,0,14.89
12,6,0,4,0,15.94
11,5,1,3,1,6.85
17,4,2,2,1,11.35
17,3,2,2,1,7.47
14,3,3,1,1,2.61
16,1,2,2,1,12.52
13,1,2,2,0,6.68
11,3,1,3,0,8.26
13,6,3,1,0,5.12
16,5,2,2,0,11.61
11,3,0,4,0,15.3
10,1,2,2,0,10.83
17,5,3,1,1,5.75
11,5,2,2,1,5.47
16,4,1,3,1,12.43
15,3,2,2,0,4.8
12,6,2,2,1,4.09
15,3,0,4,0,12.3
19,3,3,1,0,4.97
12,4,2,2,0,7.42
20,2,2,2,1,7.13
11,3,0,4,1,11.99
8,3,2,2,0,11.42
19,4,1,3,0,9.85
17,5,3,1,0,10.19
10,0,3,1,1,6.91
10,3,3,1,0,9.58
17,3,3,1,1,9.21
15,2,2,2,1,6.83
10,1,2,2,1,10.82
11,6,2,2,0,6.01
15,6,2,2,1,6.79
13,3,2,2,0,6.02
18,0,2,2,1,11.87
10,1,2,2,1,9.4
16,1,1,3,0,15.72
7,0,3,1,1,4.15
8,5,1,3,0,13.49
14,3,1,3,1,8.96
17,0,0,4,0,19.84
9,3,1,3,0,16.06
18,6,2,2,0,8.28
11,3,3,1,0,5.81
10,6,0,4,1,13.5
9,0,2,2,1,11.54
9,4,3,1,1,6.32
17,0,1,3,0,14.67
13,1,3,1,1,4.86
11,4,0,4,1,12.96
18,1,0,4,0,16.56
18,6,2,2,0,8.81
9,3,1,3,1,14.81
13,5,3,1,0,3.99
19,0,3,1,1,2.23
16,0,0,4,0,15.87
15,3,0,4,0,14.33
15,3,0,4,1,11.4
13,3,0,4,1,13.02
11,5,0,4,1,10.5
10,4,0,4,0,18.12
7,0,3,1,0,2.69
9,6,3,1,1,9.82
13,3,0,4,0,13.66
9,4,3,1,0,6.81
7,2,3,1,1,3.6
20,1,1,3,1,9.04
11,1,0,4,0,14.5
19,0,1,3,0,9.05
14,4,0,4,0,14.17
10,4,1,3,0,14.24
18,4,2,2,1,10.58
17,4,1,3,1,11.38
16,5,1,3,1,13.16
17,5,3,1,1,6.87
9,6,3,1,0,11.04
7,4,3,1,1,3.67
9,3,1,3,1,12.75
14,6,2,2,0,6.4
13,5,0,4,0,14.84
15,1,3,1,0,5.48
7,1,1,3,0,12.25
10,5,1,3,1,14.88
13,3,2,2,1,5.78
15,3,3,1,0,6.38
19,6,2,2,0,6.6
10,5,1,3,0,11.74
9,1,2,2,0,12.35
17,5,2,2,1,11.25
18,3,3,1,0,7.76
15,3,1,3,0,11.61
8,6,0,4,0,15.01
7,1,3,1,1,2.18
17,5,3,1,1,4.23
7,4,2,2,1,5.05
20,5,3,1,0,1.62
10,4,2,2,1,9.26
12,3,3,1,0,5.64
17,6,0,4,0,13.99
7,5,1,3,0,10.09
16,6,0,4,0,15.59
11,0,0,4,1,13.7
16,5,0,4,0,20.69
19,6,3,1,0,4.36
20,3,2,2,1,7.27
9,6,0,4,1,14.86
12,4,3,1,1,2.09
11,6,3,1,1,3.2
13,3,1,3,1,8.26
16,2,1,3,0,12.08
17,1,3,1,1,5.72
11,3,2,2,1,5.31
8,1,3,1,1,7.77
8,0,0,4,1,17.01
19,2,3,1,0,3.33
8,5,1,3,0,13.28
9,0,1,3,1,12.0
19,0,2,2,1,7.83
18,5,3,1,0,5.77
20,4,3,1,1,3.32
13,6,1,3,1,10.2
10,3,2,2,0,14.61
18,5,3,1,0,7.98
16,1,1,3,0,16.78
14,6,2,2,0,6.77
14,1,2,2,0,5.47
13,6,3,1,0,4.24
15,4,3,1,0,5.24
19,4,0,4,0,15.05
12,1,0,4,1,13.9
12,6,3,1,0,3.55
15,4,1,3,1,9.12
14,6,1,3,1,7.45
11,3,0,4,0,15.52
12,2,2,2,1,7.35
15,3,2,2,1,5.29
18,5,3,1,1,6.31
7,6,2,2,0,6.25
10,4,1,3,0,13.42
19,3,1,3,0,10.86
7,5,1,3,1,7.98
18,1,1,3,1,15.44
8,4,0,4,0,14.59
17,6,3,1,1,6.93
12,2,3,1,0,6.37
11,4,0,4,0,11.97
8,1,2,2,0,10.13
13,3,1,3,1,9.91
18,5,1,3,0,13.29
7,6,2,2,0,4.96
15,4,3,1,1,4.05
13,5,3,1,1,3.36
19,6,1,3,1,8.61
11,1,3,1,1,3.65
8,4,0,4,1,18.57
12,4,0,4,1,12.64
13,0,1,3,1,10.62
7,3,2,2,1,7.59
8,3,0,4,0,17.86
20,5,3,1,0,5.35
19,0,2,2,1,6.79
9,2,2,2,1,12.15
15,5,0,4,0,13.97
11,6,1,3,0,11.83
19,6,3,1,1,3.61
17,3,3,1,1,6.69
19,0,3,1,1,4.08
12,3,3,1,1,3.75
20,6,0,4,1,11.82
20,0,3,1,0,7.35
14,2,2,2,1,6.01
16,1,3,1,1,9.86
7,0,3,1,0,4.07
14,3,0,4,1,11.61
18,1,2,2,0,13.28
12,2,0,4,1,12.99
17,1,0,4,1,17.68
19,1,3,1,0,3.82
14,0,1,3,0,10.41
7,5,2,2,0,4.11
8,1,3,1,0,7.27
11,1,3,1,0,5.6
8,4,0,4,0,18.53
9,3,3,1,0,6.01
16,5,3,1,1,7.64
11,5,0,4,0,13.12
19,5,0,4,1,12.41
10,5,3,1,1,7.4
10,3,3,1,0,6.73
7,2,2,2,0,8.06
13,2,1,3,1,10.86
19,0,0,4,0,10.7
7,6,3,1,1,2.25
13,3,3,1,0,5.18
9,2,0,4,1,16.08
19,1,2,2,1,6.76
19,6,0,4,1,11.79
20,1,0,4,0,11.65
14,4,0,4,1,13.0
17,5,1,3,0,10.31
12,4,2,2,0,7.74
20,2,0,4,0,12.63
15,0,2,2,0,7.52
7,3,1,3,1,8.47
19,0,0,4,0,12.97
20,6,0,4,0,14.12
9,6,0,4,1,16.15
12,2,0,4,1,11.36
17,0,1,3,0,19.01
8,3,2,2,1,9.97
7,2,1,3,1,9.69
11,5,1,3,1,10.18
19,6,1,3,0,10.5
15,2,0,4,1,11.0
17,3,2,2,0,12.01
7,1,2,2,0,4.87
20,4,3,1,1,3.38
18,0,0,4,0,17.9
7,3,1,3,0,10.72
19,3,2,2,1,6.36
10,0,1,3,0,14.92
9,3,3,1,1,7.23
19,1,3,1,1,3.39
20,0,0,4,0,14.14
18,5,0,4,0,15.8
12,3,0,4,1,11.78
9,0,3,1,1,7.87
8,3,0,4,0,15.08
10,1,1,3,1,13.38
17,0,2,2,0,9.05
14,6,1,3,0,9.5
7,3,0,4,0,15.0
18,3,3,1,0,7.3
9,2,2,2,1,10.64
16,4,1,3,1,14.64
14,0,0,4,1,12.15
13,1,1,3,0,13.3
12,3,3,1,1,4.74
15,2,3,1,1,2.54
12,4,1,3,0,12.92
7,6,3,1,1,3.47
9,0,1,3,0,16.08
7,6,1,3,1,9.81
20,1,1,3,0,11.79
18,2,0,4,1,18.48
16,1,3,1,1,4.82
7,1,1,3,0,9.11
16,1,1,3,1,15.62
20,6,2,2,0,9.05
19,0,2,2,0,8.32
13,4,0,4,1,11.91
9,1,3,1,1,7.12
15,5,2,2,0,7.06
18,5,2,2,0,11.23
20,6,0,4,0,15.38
10,5,0,4,1,12.79
12,1,0,4,1,12.34
11,1,1,3,0,10.76
18,0,0,4,1,16.01
9,3,3,1,1,6.53
20,3,1,3,0,11.2
7,2,0,4,1,11.78
8,0,2,2,0,10.42
8,2,3,1,0,9.16
13,1,0,4,0,14.25
13,5,2,2,1,4.69
13,4,3,1,0,1.23
8,2,3,1,0,6.13
8,3,0,4,1,17.55
17,2,0,4,1,16.4
12,1,3,1,0,3.45
10,6,2,2,0,7.6
19,4,3,1,0,5.74
20,4,3,1,1,3.72
10,3,2,2,0,11.1
16,4,1,3,0,17.44
9,1,1,3,0,11.53
10,6,1,3,1,12.25
8,3,3,1,1,8.99
20,0,3,1,0,3.1
16,4,0,4,0,15.51
15,2,3,1,1,3.15
14,4,3,1,0,2.9
16,4,3,1,0,10.17
7,5,3,1,1,1.0
20,6,2,2,1,5.91
18,5,0,4,0,14.84
11,5,3,1,0,3.94
18,3,2,2,0,9.63
15,3,1,3,0,10.32
10,6,0,4,0,14.07
12,6,3,1,1,1.1
7,1,2,2,1,6.78
9,6,3,1,1,4.48
20,5,0,4,1,11.09
20,4,1,3,0,11.62
11,5,3,1,0,5.19
14,1,1,3,0,9.72
11,5,2,2,1,5.76
14,2,1,3,1,8.91
15,6,3,1,0,7.88
20,2,2,2,1,7.05
14,0,2,2,1,6.92
20,2,2,2,1,5.57
15,6,1,3,0,10.4
17,2,1,3,0,16.39
13,3,3,1,0,6.32
20,1,2,2,0,8.66
14,5,2,2,1,5.83
15,1,2,2,0,8.11
18,6,1,3,1,12.84
20,2,3,1,1,3.12
16,2,3,1,0,10.1
16,0,3,1,0,9.62
11,3,0,4,0,11.15
13,4,3,1,0,4.41
19,0,3,1,1,3.89
9,2,0,4,0,16.97
16,6,1,3,1,11.97
13,5,3,1,1,2.57
7,0,1,3,1,10.85
12,6,1,3,0,8.9
18,2,2,2,0,9.34
8,6,0,4,1,17.44
15,2,3,1,0,5.08
12,6,1,3,0,9.99
10,1,1,3,0,14.8
12,5,0,4,1,10.01
15,4,0,4,0,14.61
7,0,0,4,1,12.33
8,4,2,2,1,10.42
17,5,0,4,1,16.04
16,4,1,3,1,13.64
18,4,0,4,1,13.77
10,4,1,3,1,16.25
12,5,3,1,1,3.32
10,5,3,1,1,5.18
8,6,3,1,0,7.71
11,5,1,3,1,6.91
14,0,0,4,0,16.05
12,6,2,2,1,3.81
19,0,0,4,0,13.16
12,3,2,2,0,6.52
8,3,3,1,1,6.24
20,3,3,1,0,3.54
7,6,1,3,0,10.94
17,3,1,3,1,14.95
20,5,1,3,1,6.5
13,3,0,4,0,11.99
18,6,1,3,1,12.55
13,5,1,3,1,9.34
13,1,0,4,0,13.04
20,3,3,1,0,2.77
10,2,2,2,0,11.37
20,1,0,4,1,12.33
16,3,0,4,1,15.14
14,5,0,4,0,10.98
20,0,2,2,0,7.99
12,2,0,4,0,14.37
19,4,3,1,1,4.15
8,0,1,3,0,16.58
11,4,2,2,0,4.68
9,6,3,1,0,6.66
10,3,1,3,1,11.67
17,6,0,4,1,15.16
14,0,0,4,1,13.52
14,4,1,3,0,10.31
13,5,2,2,1,5.99
18,6,1,3,1,11.79
19,1,1,3,1,9.81
18,4,2,2,1,12.65
17,1,1,3,0,13.69
17,1,1,3,1,15.12
15,3,3,1,1,4.63
13,6,0,4,0,12.54
10,2,1,3,1,13.17
7,5,2,2,0,5.06
8,4,1,3,1,13.3
19,5,2,2,0,6.57
17,2,0,4,0,18.39
20,6,3,1,0,3.94
19,4,1,3,0,8.71
17,0,1,3,0,12.54
11,4,2,2,0,7.18
7,2,3,1,0,3.95
16,0,2,2,1,11.81
8,6,2,2,0,12.41
15,4,3,1,0,5.05
17,2,2,2,1,11.03
16,4,3,1,0,5.56
17,4,1,3,0,15.76
8,3,2,2,1,8.65
19,2,3,1,1,2.13
17,1,2,2,0,13.33
15,4,0,4,0,12.73
10,6,3,1,0,7.9
13,5,0,4,0,12.93
8,0,1,3,1,13.96
10,2,3,1,1,7.02
12,0,3,1,0,5.06
16,0,0,4,0,16.31
17,2,0,4,1,17.37
13,6,0,4,1,11.35
18,3,2,2,0,13.64
20,5,2,2,0,5.48
7,4,3,1,0,4.46
18,2,1,3,1,16.18
9,1,1,3,0,12.82
17,6,0,4,1,17.45
11,0,1,3,1,10.85
12,1,1,3,0,8.35
10,2,3,1,1,7.29
18,4,1,3,1,16.11
9,0,2,2,0,13.91
11,6,2,2,0,5.41
14,2,2,2,1,6.66
9,5,0,4,1,17.77
11,5,0,4,0,13.51
20,4,3,1,0,6.28
15,4,3,1,0,3.13
19,4,2,2,0,7.39
13,2,0,4,0,15.81
16,5,1,3,0,16.2
9,5,3,1,1,3.33
11,2,1,3,0,11.23
19,2,3,1,1,4.75
7,0,2,2,0,8.38
20,2,2,2,0,6.64
16,5,0,4,1,14.24
12,6,2,2,1,6.08
7,4,1,3,1,8.5
8,4,2,2,0,9.04
20,0,1,3,1,10.43
18,0,3,1,1,7.69
17,6,3,1,0,6.49
15,0,1,3,0,10.43
15,3,0,4,1,13.84
10,3,3,1,1,7.17
16,1,1,3,1,12.73
14,4,0,4,0,11.91
7,1,3,1,0,3.95
16,4,0,4,0,17.72
15,6,0,4,1,11.07
7,5,3,1,0,3.36
12,4,0,4,1,11.4
14,6,1,3,0,11.17
10,0,0,4,0,16.2
19,2,3,1,1,2.32
13,5,2,2,1,4.56
12,4,2,2,1,7.26
13,4,3,1,0,4.15
11,2,2,2,1,7.21
20,6,0,4,0,12.39
10,4,3,1,1,9.05
17,5,0,4,0,17.97
14,4,3,1,0,1.92
8,4,0,4,1,17.92
17,4,2,2,0,14.98
14,0,1,3,1,8.58
19,4,1,3,0,10.78
17,0,1,3,0,17.17
13,3,1,3,0,10.15
8,4,2,2,1,10.84
10,4,1,3,1,15.44
11,1,3,1,0,4.74
12,0,2,2,1,7.08
13,4,3,1,0,6.91
14,5,3,1,0,2.22
19,1,1,3,1,9.24
12,4,0,4,1,11.74
8,3,2,2,0,9.87
10,4,2,2,0,15.25
14,5,1,3,0,9.64
10,6,1,3,1,13.17
17,5,3,1,0,6.59
16,2,3,1,1,8.92
15,2,3,1,0,4.39
15,6,3,1,1,1.0
12,3,1,3,1,10.93
18,4,3,1,1,6.79
10,3,0,4,1,17.03
9,4,2,2,0,11.94
9,3,3,1,0,8.78
13,2,3,1,0,6.22
17,1,0,4,1,17.88
20,3,1,3,0,12.42
14,6,0,4,0,12.37
17,4,2,2,1,9.89
16,0,3,1,0,8.44
14,6,0,4,1,10.29
12,4,2,2,1,5.06
8,2,1,3,0,15.03
15,3,3,1,0,3.38
17,1,1,3,1,13.52
13,6,0,4,0,11.54
11,5,2,2,1,5.79
20,2,3,1,1,2.5
20,0,1,3,0,12.47
18,5,0,4,0,15.35
15,0,0,4,1,12.57
8,0,2,2,0,11.23
10,1,2,2,1,9.9
20,1,0,4,0,15.24
12,6,3,1,1,1.67
11,4,3,1,0,6.97
9,4,3,1,1,8.01
11,2,3,1,0,5.54
12,3,2,2,0,5.21
20,6,1,3,1,9.03
18,3,3,1,1,5.33
11,4,1,3,0,9.76
15,3,3,1,0,3.86
13,6,3,1,0,2.88
19,6,2,2,1,5.3
11,3,1,3,0,8.6
17,3,3,1,1,8.28
12,0,1,3,0,10.95
8,2,2,2,0,12.47
9,0,3,1,0,8.01
12,3,0,4,1,11.24
19,1,0,4,1,13.33
8,4,3,1,0,9.59
20,0,0,4,0,14.46
10,5,0,4,0,17.33
14,3,2,2,1,5.48
18,0,0,4,1,15.82
12,0,1,3,0,9.25
7,1,2,2,0,6.31
7,4,3,1,0,2.75
9,3,0,4,1,19.71
17,0,0,4,1,17.68
19,0,1,3,1,8.7
15,6,2,2,1,3.6
13,2,1,3,1,10.7
14,5,3,1,1,2.38
16,1,2,2,1,10.76
20,4,1,3,0,10.47
20,2,2,2,1,5.0
17,4,3,1,0,10.1
16,1,2,2,0,11.95
15,5,3,1,0,2.99
8,0,0,4,0,18.48
10,0,3,1,0,8.19
17,3,2,2,0,10.1
10,5,3,1,0,7.27
13,6,2,2,0,3.54
8,6,2,2,0,10.42
15,3,1,3,0,9.85
17,1,3,1,0,10.39
18,5,3,1,0,5.93
9,4,3,1,1,9.26
12,6,2,2,1,4.76
18,2,1,3,0,14.93
12,3,3,1,1,2.0
7,2,0,4,0,14.88
11,1,1,3,1,8.07
20,5,2,2,0,6.12
11,2,1,3,0,8.93
16,3,1,3,0,15.58
20,5,0,4,1,13.35
13,0,0,4,1,12.04
20,3,3,1,0,5.16
17,6,0,4,1,13.13
16,1,2,2,0,12.3
14,6,0,4,0,12.73
12,0,3,1,0,3.98
13,4,3,1,0,5.49
10,3,3,1,0,10.81
10,0,2,2,1,11.07
8,0,3,1,1,6.03
12,4,0,4,1,11.51
12,4,3,1,0,5.53
10,1,2,2,0,12.78
7,1,1,3,1,8.04
18,6,0,4,1,15.38
15,1,1,3,1,9.65
16,5,1,3,0,11.57
7,2,1,3,1,8.16
17,0,0,4,1,17.63
17,2,0,4,0,17.86
13,4,0,4,1,12.45
16,4,0,4,0,18.34
18,0,0,4,0,18.38
18,1,0,4,1,16.8
11,1,2,2,0,9.14
20,0,2,2,0,7.3
17,1,0,4,1,17.12
20,5,1,3,1,7.98
11,4,2,2,1,6.63
10,5,1,3,0,16.22
9,3,1,3,0,15.35
8,1,2,2,0,14.61
13,3,2,2,1,7.24
20,5,2,2,0,3.42
19,4,2,2,0,7.08
7,2,0,4,1,11.4
20,4,3,1,1,2.55
13,3,3,1,0,2.33
13,6,0,4,1,9.77
17,1,1,3,0,14.84
16,3,2,2,1,11.83
19,0,3,1,1,3.18
18,4,0,4,0,17.24
10,4,3,1,0,9.19
7,1,2,2,1,6.19
11,6,2,2,1,5.55
7,5,1,3,1,7.7
18,4,0,4,0,20.95
9,3,3,1,1,6.34
16,5,1,3,1,11.66
18,6,1,3,0,10.74
18,3,1,3,1,12.33
9,2,1,3,0,15.33
13,2,2,2,1,5.87
9,0,1,3,0,12.11
14,6,3,1,0,2.41
17,3,3,1,1,7.57
7,1,2,2,0,4.64
17,2,0,4,0,20.6
11,2,0,4,0,13.42
9,5,2,2,0,9.91
19,2,2,2,1,7.69
20,0,3,1,0,2.57
18,6,2,2,1,10.15
16,0,0,4,0,19.49
18,2,3,1,1,6.76
16,2,1,3,1,13.97
14,6,1,3,0,9.5
7,3,0,4,0,16.2
13,0,2,2,1,6.68
17,1,0,4,0,15.98
11,4,2,2,0,5.46
13,5,0,4,0,15.71
14,3,0,4,0,13.81
20,4,2,2,1,7.35
13,5,0,4,1,11.9
15,4,0,4,0,13.3
19,2,0,4,0,11.22
13,5,1,3,1,7.98
19,6,2,2,1,4.39
8,3,1,3,1,14.66
10,4,2,2,0,11.92
8,3,0,4,1,17.08
12,3,2,2,1,5.43
20,0,1,3,0,11.28
18,6,0,4,0,19.16
12,3,0,4,0,14.06
11,0,2,2,0,5.86
11,4,2,2,1,7.01
11,1,1,3,1,8.34
16,4,0,4,0,17.18
18,6,2,2,0,11.25
7,1,0,4,1,13.71
7,0,3,1,0,2.52
18,4,3,1,1,7.7
18,6,0,4,1,17.49
18,3,0,4,1,16.17
19,3,3,1,0,5.22
16,2,2,2,1,10.49
12,6,2,2,1,4.22
8,2,3,1,1,8.23
12,4,1,3,0,10.77
8,2,0,4,1,16.33
13,1,1,3,0,12.05
12,1,3,1,1,3.7
12,4,1,3,0,9.88
18,4,3,1,0,8.89
20,3,1,3,1,10.87
8,4,0,4,1,16.24
7,0,1,3,0,13.26
17,6,0,4,0,16.75
14,1,1,3,1,8.9
19,5,2,2,1,6.31
8,4,0,4,1,18.95
7,2,0,4,0,15.28
12,0,2,2,0,7.05
13,5,2,2,1,5.49
10,5,1,3,1,11.98
12,6,3,1,0,4.29
7,0,0,4,0,14.35
13,1,0,4,0,13.82
14,6,3,1,0,4.25
13,2,1,3,0,8.72
14,6,1,3,1,8.82
12,0,0,4,1,13.11
8,4,3,1,0,9.44
19,6,2,2,1,5.54
16,0,1,3,1,14.51
17,0,2,2,0,11.79
14,4,3,1,1,3.26
19,2,2,2,0,6.91
18,2,2,2,0,12.55
17,2,0,4,1,15.32
8,6,2,2,1,9.54
7,5,0,4,0,13.11
12,6,1,3,1,7.14
9,6,0,4,1,16.79
20,1,3,1,1,4.31
10,5,3,1,0,5.68
19,6,0,4,0,12.16
18,6,1,3,1,12.74
15,6,3,1,0,4.76
12,4,0,4,0,15.58
20,3,2,2,1,5.81
19,0,2,2,1,6.38
17,5,1,3,0,14.64
7,5,0,4,0,10.68
14,2,1,3,1,8.76
7,0,0,4,0,15.72
20,1,0,4,0,12.16
13,5,1,3,0,8.02
8,5,3,1,1,7.7
19,2,2,2,0,7.95
7,3,3,1,1,4.99
11,6,2,2,0,7.87
16,3,1,3,1,12.06
13,1,0,4,1,13.15
8,0,0,4,0,16.63
14,1,0,4,0,13.46
18,2,3,1,0,10.29
13,3,0,4,0,12.88
20,6,3,1,0,4.68
17,2,3,1,0,9.64
15,6,2,2,0,6.23
10,1,0,4,1,16.54
13,0,2,2,1,5.25
17,3,1,3,0,12.23
10,3,3,1,0,10.24
20,6,3,1,0,3.51
7,3,0,4,0,15.23
14,5,1,3,0,5.72
17,0,3,1,0,6.61
17,0,2,2,0,10.28
20,6,0,4,0,12.86
19,1,3,1,1,4.43
18,5,3,1,1,4.75
12,6,1,3,0,7.52
9,6,3,1,0,9.21
7,1,0,4,1,13.33
7,3,0,4,0,12.81
18,5,2,2,1,9.62
9,1,1,3,1,13.33
9,4,0,4,0,17.58
20,6,2,2,1,5.84
10,0,0,4,1,19.41
15,1,3,1,0,2.69
19,1,3,1,1,2.53
17,0,0,4,1,15.44
12,4,3,1,0,1.58
15,1,1,3,0,9.29
10,5,3,1,1,6.88
10,6,0,4,1,14.67
10,3,1,3,0,15.49
9,1,3,1,0,7.25
17,2,2,2,0,9.18
11,1,0,4,1,12.38
9,6,2,2,0,13.41
16,1,1,3,0,15.32
10,4,3,1,1,7.31
18,6,1,3,0,14.49
9,4,0,4,1,17.04
14,5,0,4,1,11.38
19,5,0,4,1,10.26
19,0,3,1,0,2.42
17,0,0,4,1,16.16
14,6,0,4,1,10.49
18,3,1,3,1,14.62
7,6,0,4,1,10.21
7,2,3,1,1,4.09
16,4,1,3,0,15.62
15,5,2,2,0,7.1
12,2,1,3,0,11.56
9,2,1,3,0,16.8
20,5,1,3,0,11.46
13,2,0,4,0,12.85
15,4,0,4,1,13.13
17,6,2,2,1,10.72
19,0,1,3,1,8.26
13,1,2,2,0,5.27
18,1,3,1,0,10.46
11,3,1,3,1,9.04
14,5,0,4,1,10.69
19,1,2,2,1,6.74
17,5,2,2,1,10.51
14,3,2,2,0,8.51
19,2,1,3,1,9.12
11,6,0,4,0,11.62
9,5,2,2,0,12.98
9,1,1,3,0,10.81
11,2,1,3,0,9.35
12,2,1,3,1,9.35
9,4,2,2,0,12.8
9,3,2,2,0,11.9
12,5,2,2,1,6.12
19,4,1,3,1,9.02
8,5,3,1,0,4.89
20,1,3,1,1,2.28
7,4,1,3,0,12.43
10,0,0,4,1,18.58
15,3,1,3,1,8.95
16,4,0,4,1,16.74
13,2,3,1,1,2.04
12,2,2,2,1,7.62
8,1,3,1,1,8.08
19,5,3,1,1,3.48
8,1,1,3,1,14.5
12,0,3,1,0,2.94
11,3,1,3,1,10.13
19,1,1,3,0,11.2
14,0,2,2,1,6.48
18,3,1,3,0,13.68
17,6,3,1,0,6.97
18,5,1,3,0,13.1
18,2,3,1,1,9.36
14,5,0,4,1,11.7
20,2,1,3,0,8.97
18,1,2,2,0,9.56
12,0,2,2,1,6.59
8,4,1,3,0,14.96
12,6,2,2,1,6.55
12,0,2,2,0,5.61
12,6,3,1,1,4.05
8,1,1,3,0,17.18
18,6,0,4,1,17.15
7,3,2,2,1,7.07
9,6,3,1,1,6.31
8,1,1,3,0,13.61
8,3,0,4,0,15.31
10,0,0,4,0,17.64
11,5,0,4,0,12.73
10,1,2,2,0,12.57
16,2,2,2,0,14.38
15,4,0,4,0,15.57
15,1,1,3,1,8.52
19,4,0,4,0,16.46
20,5,3,1,1,1.16
17,0,1,3,1,15.2
15,1,3,1,0,4.99
14,0,1,3,1,10.29
18,2,0,4,0,14.63
16,5,2,2,1,10.04
13,1,0,4,1,13.82
12,1,0,4,1,13.02
13,3,0,4,0,11.78
16,0,1,3,0,11.85
20,3,0,4,0,15.53
11,6,2,2,1,6.29
13,3,2,2,0,7.4
11,3,3,1,0,3.92
8,5,0,4,0,16.47
12,1,2,2,0,9.02
15,6,3,1,1,3.58
14,4,2,2,1,7.43
15,4,0,4,0,16.6
8,3,3,1,1,8.74
7,0,1,3,1,10.65
9,3,3,1,0,8.1
16,5,3,1,1,5.71
13,2,3,1,1,3.85
12,6,2,2,1,6.65
9,6,2,2,1,11.37
17,2,3,1,0,9.92
7,5,1,3,0,8.03
18,0,2,2,0,8.41
14,5,3,1,1,3.55
16,0,2,2,1,10.25
8,6,3,1,0,9.77
17,2,1,3,1,12.76
14,5,0,4,0,12.6
13,6,1,3,0,9.65
11,0,3,1,1,2.63
19,0,2,2,1,6.3
15,2,1,3,1,9.21
16,4,3,1,0,10.58
9,4,3,1,0,11.75
11,5,3,1,0,1.86
9,5,2,2,1,9.65
17,1,3,1,1,9.23
11,5,1,3,1,7.97
7,1,2,2,1,6.46
13,3,0,4,0,11.05
11,6,2,2,0,5.05
19,0,0,4,0,12.15
8,3,2,2,0,13.48
10,0,0,4,1,15.26
16,0,2,2,1,12.54
19,5,1,3,1,7.88
10,2,3,1,1,6.79
14,4,2,2,0,6.54
17,1,2,2,0,12.78
7,5,0,4,0,12.49
15,3,2,2,1,7.71
17,0,1,3,1,14.28
13,2,2,2,0,10.02
11,1,1,3,1,9.89
19,6,3,1,0,3.11
14,3,3,1,1,4.15
20,0,1,3,1,9.52
12,3,2,2,1,7.09
19,0,1,3,1,10.37
9,0,3,1,0,7.01
9,1,1,3,1,14.13
14,6,1,3,1,9.43
12,6,2,2,0,6.48
13,6,1,3,0,10.74
17,1,0,4,1,15.9
9,0,3,1,1,6.85
12,1,0,4,0,14.18
14,6,3,1,0,4.2
20,6,2,2,1,4.65
13,6,1,3,0,8.17
13,1,3,1,0,4.04
10,4,3,1,0,8.59
7,3,1,3,1,10.92
13,5,1,3,1,8.79
11,0,0,4,0,13.0
14,2,0,4,0,12.87
11,3,2,2,0,9.55
16,1,2,2,0,14.37
9,0,2,2,1,7.92
7,1,3,1,1,4.24
13,2,2,2,1,6.55
13,1,2,2,1,7.29
9,4,3,1,0,4.52
14,2,1,3,1,9.31
14,0,3,1,1,4.97
15,3,3,1,1,2.34
18,6,1,3,0,13.63
18,4,2,2,0,13.8
16,1,3,1,0,6.26
12,0,2,2,0,7.35
8,6,2,2,0,9.47
17,2,0,4,1,18.85
14,2,1,3,0,12.86
11,2,0,4,0,14.0
8,3,2,2,0,11.24
7,6,1,3,0,9.77
17,1,0,4,1,16.26
19,2,1,3,1,10.0
20,2,1,3,1,9.34
13,3,2,2,1,5.27
13,6,2,2,0,4.96
12,3,1,3,0,12.3
17,4,0,4,1,15.11
19,3,2,2,0,9.99
11,6,1,3,1,7.55
8,0,0,4,1,16.05
18,4,2,2,1,8.26
15,0,0,4,1,11.54
9,6,3,1,0,4.53
14,6,3,1,1,4.07
19,1,1,3,0,10.26
11,6,0,4,1,9.95
8,0,1,3,1,13.06
17,5,3,1,1,5.61
17,5,3,1,1,4.65
20,0,1,3,0,9.78
17,1,3,1,0,6.87
13,0,0,4,0,15.83
14,3,3,1,0,6.19
10,2,3,1,0,7.29
13,3,3,1,1,2.11
13,3,3,1,0,5.44
13,4,2,2,0,7.02
14,0,3,1,1,3.34
13,0,1,3,1,10.18
14,2,3,1,0,4.79
17,2,3,1,0,10.6
13,6,2,2,1,5.93
16,1,2,2,0,9.78
16,3,0,4,1,18.25
10,1,0,4,0,16.51
9,6,0,4,0,15.72
14,2,2,2,1,7.31
19,4,2,2,0,10.03
16,5,0,4,0,19.18
8,0,0,4,0,15.05
10,2,1,3,1,15.12
14,5,0,4,0,10.46
20,1,3,1,1,4.31
7,1,3,1,1,2.86
9,0,2,2,1,11.11
17,5,1,3,0,14.52
13,3,3,1,1,4.86
15,6,2,2,0,8.35
15,0,0,4,1,11.94
19,1,3,1,0,2.68
17,1,0,4,1,17.33
18,4,2,2,1,10.66
11,4,1,3,1,9.34
10,4,3,1,1,9.9
13,6,1,3,1,9.44
13,5,1,3,1,9.11
11,4,2,2,0,6.76
15,4,2,2,0,8.24
13,4,0,4,0,14.15
15,2,0,4,0,15.85
14,2,0,4,1,12.02
10,6,1,3,1,12.31
16,5,1,3,1,12.57
16,1,2,2,1,9.53
20,3,0,4,0,12.91
14,1,3,1,0,4.06
16,4,3,1,1,8.25
14,5,3,1,1,1.0
9,3,3,1,0,10.51
18,1,3,1,1,4.6
15,2,0,4,1,11.33
12,4,2,2,0,6.44
11,2,2,2,1,6.46
19,1,1,3,1,8.15
11,2,1,3,0,11.74
8,4,2,2,0,12.87
16,3,2,2,1,11.06
16,1,1,3,1,15.05
9,6,2,2,0,10.21
13,2,0,4,1,13.21
17,0,1,3,0,16.59
15,5,0,4,0,13.82
7,4,1,3,1,9.51
7,0,1,3,0,8.72
20,5,3,1,0,3.02
7,3,0,4,1,12.31
13,0,2,2,1,5.77
8,0,1,3,1,11.34
8,1,2,2,1,9.89
12,1,0,4,0,11.49
9,3,2,2,1,10.99
8,0,1,3,0,15.83
19,4,3,1,0,3.03
15,3,0,4,1,11.09
17,1,0,4,1,16.97
8,1,1,3,1,13.61
20,5,1,3,0,12.54
15,3,3,1,0,2.4
20,4,2,2,0,6.8
14,2,2,2,1,8.0
20,5,1,3,1,10.13
16,0,2,2,0,8.49
15,2,3,1,0,6.31
12,5,2,2,1,5.16
11,1,2,2,1,5.63
16,2,0,4,0,16.02
7,5,1,3,1,8.98
14,6,3,1,0,2.25
7,6,3,1,0,6.03
12,3,1,3,0,8.61
10,3,0,4,0,20.05
18,2,1,3,0,17.19
10,1,3,1,1,5.63
18,5,1,3,0,12.34
16,4,3,1,0,9.54
17,4,1,3,0,14.72
16,6,1,3,1,12.39
18,5,2,2,1,8.17
17,0,2,2,1,11.6
8,5,3,1,1,6.58
10,0,2,2,1,10.08
13,1,2,2,0,9.94
18,1,3,1,0,8.44
8,5,0,4,0,16.55
12,6,2,2,0,5.76
7,6,2,2,0,7.07
19,0,3,1,0,1.52
7,3,2,2,0,7.32
19,3,0,4,1,12.83
13,0,0,4,0,13.12
13,3,0,4,1,11.7
16,6,0,4,1,15.59
16,0,2,2,0,9.71
8,0,0,4,0,17.65
12,3,3,1,1,2.56
9,6,0,4,0,15.35
12,2,1,3,0,10.69
11,2,0,4,0,11.75
20,4,0,4,1,12.03
10,5,1,3,0,14.76
16,5,2,2,1,9.11
14,6,0,4,1,10.57
10,5,1,3,1,14.22
20,2,3,1,0,5.08
7,2,0,4,0,13.1
9,2,3,1,0,10.26
7,1,1,3,1,8.52
11,5,1,3,1,7.04
10,0,1,3,1,13.71
17,1,3,1,0,6.56
12,6,2,2,0,9.02
13,5,0,4,0,15.79
10,4,3,1,1,6.56
17,1,0,4,0,17.04
10,0,2,2,0,15.94
10,5,0,4,1,15.44
13,6,2,2,1,4.5
18,2,3,1,1,7.64
17,6,0,4,0,17.11
11,3,3,1,0,5.86
15,0,1,3,0,9.74
10,4,0,4,1,16.06
14,3,3,1,1,3.1
14,2,2,2,1,5.07
14,1,2,2,0,5.68
20,4,0,4,1,13.78
8,0,0,4,1,13.75
10,5,2,2,1,8.63
11,1,1,3,1,8.03
11,2,2,2,1,7.84
20,4,0,4,1,12.96
19,1,3,1,0,4.16
14,1,3,1,1,3.02
8,2,1,3,1,15.17
10,3,3,1,0,7.19
18,0,3,1,1,6.62
17,6,3,1,1,7.61
9,1,2,2,1,11.53
13,0,3,1,0,3.89
14,5,2,2,0,6.89
20,5,3,1,0,3.79
11,1,1,3,1,9.98
8,3,0,4,1,15.59
20,3,3,1,0,5.35
13,3,0,4,1,13.87
20,1,1,3,0,10.69
17,3,1,3,1,13.86
17,3,2,2,0,6.79
13,4,1,3,1,10.73
14,3,3,1,0,4.81
14,2,2,2,1,6.84
19,6,1,3,1,10.2
18,3,3,1,1,8.19
16,0,3,1,0,8.26
17,4,2,2,0,12.33
14,3,0,4,1,11.23
8,4,2,2,1,9.56
15,0,3,1,0,3.38
18,3,3,1,1,9.55
13,0,0,4,1,11.34
9,2,3,1,1,6.09
17,1,3,1,0,6.48
20,0,0,4,0,12.78
13,1,0,4,0,13.17
12,1,1,3,0,12.17
14,5,0,4,0,10.61
7,0,3,1,0,5.84
10,1,0,4,0,18.66
10,5,0,4,0,20.98
18,1,0,4,1,17.5
12,4,1,3,0,11.92
13,0,1,3,0,8.39
7,3,2,2,0,6.93
8,5,2,2,1,6.64
19,4,3,1,0,6.22
20,4,1,3,1,10.88
16,2,3,1,0,9.52
12,6,3,1,0,4.52
13,4,1,3,0,9.78
8,2,1,3,1,14.89
7,1,2,2,1,5.89
9,3,1,3,0,15.82
14,5,2,2,0,8.3
15,6,3,1,1,1.19
18,2,2,2,0,9.79
10,6,1,3,1,13.61
8,6,3,1,0,13.49
9,0,1,3,0,12.43
11,1,1,3,0,10.51
11,2,3,1,0,4.43
8,2,3,1,1,6.0
15,4,3,1,0,6.66
7,6,3,1,1,2.57
11,4,1,3,0,9.42
14,2,3,1,1,2.22
9,5,3,1,0,4.79
18,2,3,1,1,10.52
18,2,3,1,1,8.19
8,3,0,4,0,16.38
13,2,2,2,1,6.9
12,5,0,4,1,11.35
10,3,0,4,1,17.55
18,5,1,3,1,10.98
10,4,1,3,0,11.97
13,3,0,4,0,14.0
13,2,2,2,1,6.76
18,3,0,4,0,18.68
9,2,1,3,1,12.82
9,6,3,1,0,4.76
11,5,3,1,0,1.8
14,1,0,4,1,12.7
10,1,1,3,0,15.81
20,3,3,1,0,4.97
11,0,3,1,0,3.13
16,1,3,1,1,6.99
7,2,0,4,0,11.95
7,3,2,2,1,6.42
12,4,3,1,1,3.11
12,2,1,3,1,10.0
13,4,0,4,1,13.62
19,0,0,4,1,13.61
13,5,1,3,0,10.11
18,6,1,3,1,13.04
15,3,1,3,0,13.82
20,2,0,4,1,13.62
19,5,2,2,1,5.99
18,4,0,4,1,17.51
14,5,0,4,1,11.0
9,6,0,4,0,20.14
20,3,1,3,1,10.87
14,5,1,3,0,11.57
8,0,3,1,0,10.06
19,2,1,3,1,10.0
17,0,1,3,1,12.44
20,1,0,4,1,12.13
18,5,3,1,1,7.13
8,0,0,4,1,18.77
18,0,2,2,0,14.96
7,2,0,4,0,16.33
12,6,2,2,0,6.03
13,0,3,1,1,2.43
11,6,1,3,1,7.08
11,1,0,4,1,11.93
18,0,2,2,1,10.17
11,5,3,1,0,2.85
10,6,1,3,0,16.75
11,6,1,3,0,9.29
12,6,3,1,1,4.04
11,5,1,3,1,8.78
19,4,0,4,1,12.37
9,4,1,3,1,13.66
9,1,1,3,0,14.16
16,0,1,3,1,15.08
20,1,0,4,0,12.84
7,0,2,2,1,7.91
17,5,3,1,0,6.67
9,5,3,1,0,7.81
17,3,2,2,0,8.28
17,4,1,3,0,16.74
18,5,0,4,0,15.24
9,0,2,2,0,13.92
13,6,0,4,1,11.5
19,4,3,1,0,4.83
18,6,0,4,0,16.59
9,0,3,1,1,4.88
10,5,1,3,0,12.63
15,2,2,2,0,8.53
7,1,2,2,0,9.34
19,2,3,1,0,5.39
15,2,1,3,0,9.78
7,1,1,3,1,10.57
10,1,1,3,1,13.3
13,0,2,2,1,6.15
9,3,3,1,0,12.31
9,4,1,3,0,14.5
17,1,2,2,0,11.27
13,3,0,4,0,10.68
8,5,3,1,0,10.11
9,6,1,3,1,12.19
13,0,0,4,0,14.73
16,6,3,1,0,8.83
16,0,0,4,0,16.82
19,5,3,1,1,1.59
17,4,1,3,0,12.64
18,5,2,2,0,11.02
12,6,3,1,1,2.73
18,6,1,3,1,13.29
19,2,0,4,0,11.03
8,1,0,4,0,18.67
20,0,3,1,0,4.46
17,4,0,4,1,13.63
20,5,0,4,1,11.84
10,5,0,4,1,18.16
15,1,1,3,0,8.87
12,0,3,1,1,3.14
12,0,2,2,0,9.88
20,0,2,2,1,6.45
11,1,0,4,1,11.65
11,5,0,4,1,11.76
7,2,0,4,1,11.99
12,0,0,4,1,13.67
9,3,2,2,0,8.63
15,1,3,1,0,4.67
19,5,2,2,0,5.65
9,4,2,2,0,13.9
9,2,3,1,0,8.51
10,2,0,4,0,19.26
9,5,1,3,1,12.23
14,4,3,1,0,4.59
13,4,3,1,0,1.76
7,1,1,3,1,9.5
19,5,1,3,0,9.94
18,0,3,1,1,6.62
19,3,1,3,0,10.48
11,6,0,4,1,9.75
20,3,1,3,1,10.12
19,0,1,3,0,12.74
17,1,1,3,0,12.65
9,3,0,4,0,13.79
11,5,1,3,0,9.77
17,0,2,2,0,9.25
13,1,2,2,0,4.73
17,5,2,2,0,10.3
11,3,2,2,1,5.91
8,5,0,4,0,15.62
15,4,2,2,0,7.23
13,0,0,4,0,14.32
7,4,1,3,0,12.6
8,4,2,2,1,12.87
10,4,1,3,0,13.32
19,6,2,2,1,6.26
13,0,3,1,1,3.57
15,6,0,4,0,11.98
7,4,0,4,0,14.16
17,4,0,4,0,17.48
13,3,2,2,0,5.22
10,4,0,4,1,17.18
11,2,1,3,1,10.12
15,0,1,3,0,7.9
7,5,1,3,1,6.96
19,0,1,3,0,9.14
12,5,2,2,1,6.95
15,2,1,3,1,10.7
11,2,0,4,0,13.95
11,1,2,2,0,9.09
19,6,0,4,1,9.88
17,5,1,3,1,12.09
19,6,3,1,0,4.33
9,3,0,4,1,14.28
20,1,1,3,1,10.83
9,5,2,2,0,10.8
10,0,1,3,0,14.46
13,0,1,3,0,10.55
7,0,0,4,0,12.84
11,1,0,4,0,14.15
18,6,2,2,0,9.43
9,2,2,2,1,7.79
18,2,0,4,0,16.6
15,6,3,1,0,2.57
13,1,2,2,1,5.68
17,3,0,4,1,14.01
8,2,2,2,0,11.71
8,0,1,3,0,12.6
13,1,2,2,1,6.05
8,2,3,1,1,10.16
18,6,0,4,0,17.04
9,3,3,1,1,7.6
13,5,2,2,0,8.34
13,2,2,2,1,6.27
18,3,2,2,0,12.56
13,4,3,1,1,3.6
20,1,3,1,0,4.59
16,6,1,3,0,13.96
15,3,1,3,0,8.29
20,6,1,3,1,9.58
15,3,1,3,0,10.48
9,0,1,3,1,15.02
13,2,0,4,0,12.87
20,4,1,3,0,8.01
10,0,0,4,1,14.15
18,1,2,2,1,9.66
19,5,0,4,1,10.96
17,0,1,3,0,14.41
14,4,2,2,1,7.13
13,1,2,2,0,9.02
9,5,1,3,1,12.59
18,4,0,4,1,16.87
13,6,3,1,0,3.65
11,0,0,4,0,13.79
12,0,1,3,1,8.49
8,0,1,3,0,14.92
17,0,1,3,1,12.05
7,4,3,1,0,1.47
11,0,2,2,1,7.88
15,1,2,2,1,7.18
9,5,0,4,1,13.45
19,6,1,3,0,9.11
20,0,2,2,0,6.0
17,0,1,3,0,17.15
9,4,2,2,1,11.16
12,4,3,1,0,6.89
13,1,1,3,0,12.53
14,0,0,4,0,13.99
20,6,0,4,1,11.75
11,1,0,4,1,12.73
12,0,0,4,0,14.22
14,2,3,1,0,7.67
14,0,2,2,1,6.2
20,4,1,3,1,9.1
20,4,2,2,1,5.25
13,4,3,1,1,4.63
17,0,0,4,0,17.51
8,2,3,1,0,9.37
20,3,0,4,1,12.4
17,4,3,1,0,9.02
13,6,3,1,0,1.48
16,3,1,3,1,11.82
15,1,3,1,0,4.52
7,4,3,1,0,5.83
13,3,1,3,0,7.91
19,5,3,1,1,2.02
9,0,2,2,1,9.95
14,6,3,1,0,3.19
8,3,2,2,1,8.71
13,3,3,1,0,6.17
18,4,3,1,0,9.41
18,5,1,3,1,13.21
20,5,2,2,0,5.98
20,2,0,4,1,11.79
18,0,3,1,0,9.83
7,1,1,3,1,10.09
19,1,3,1,0,5.25
17,4,0,4,1,16.3
11,4,0,4,1,12.95
14,3,3,1,1,3.06
15,3,2,2,0,9.08
12,1,1,3,1,9.14
20,5,3,1,1,3.41
20,0,0,4,0,10.41
13,0,3,1,0,5.04
19,0,2,2,1,5.64
19,3,3,1,0,3.19
8,2,3,1,1,9.57
19,5,3,1,0,3.77
11,5,2,2,1,5.71
13,5,1,3,0,6.9
9,6,2,2,1,9.4
10,4,3,1,0,7.19
16,3,1,3,1,14.43
12,4,1,3,1,8.69
18,6,1,3,0,15.21
11,6,1,3,1,7.87
13,0,1,3,0,11.1
8,4,3,1,0,7.85
17,6,2,2,0,7.96
10,5,3,1,1,8.89
17,0,0,4,0,16.54
11,2,1,3,0,9.84
20,1,3,1,0,3.03
8,3,0,4,0,17.19
14,6,1,3,0,12.0
17,4,0,4,0,21.33
16,4,0,4,0,15.47
16,0,0,4,0,17.02
7,2,1,3,0,9.41
9,2,2,2,1,8.07
18,4,2,2,1,11.47
15,3,1,3,1,8.52
17,6,2,2,1,7.59
9,6,1,3,1,12.63
11,6,2,2,0,6.2
12,5,0,4,1,10.77
15,2,3,1,1,3.81
17,4,2,2,1,7.66
12,3,1,3,1,8.74
10,5,2,2,1,6.98
18,0,2,2,0,13.74
15,0,3,1,1,3.81
15,1,0,4,1,13.15
19,6,0,4,1,10.94
20,2,1,3,0,8.68
7,2,3,1,0,2.01
12,4,3,1,0,4.16
17,6,0,4,1,13.66
15,4,0,4,1,12.93
8,3,0,4,1,16.72
19,2,3,1,0,4.17
16,0,3,1,1,8.15
20,5,0,4,1,9.43
10,0,0,4,0,15.77
13,1,1,3,0,10.47
12,6,0,4,0,12.95
11,0,2,2,1,7.06
19,6,3,1,1,3.38
16,3,0,4,0,15.62
20,3,3,1,0,3.81
14,5,3,1,1,3.55
10,0,2,2,1,10.9
20,6,1,3,0,7.39
10,0,1,3,1,13.84
8,2,1,3,1,13.98
14,5,1,3,0,7.14
14,6,1,3,1,8.46
9,5,2,2,0,8.54
14,1,2,2,0,7.5
12,2,0,4,0,12.05
13,4,3,1,1,2.16
11,2,0,4,0,14.79
13,1,2,2,0,7.39
15,4,3,1,1,2.33
7,5,1,3,0,6.88
11,1,0,4,0,13.75
18,5,3,1,1,7.6
18,2,3,1,0,6.41
18,4,2,2,0,10.49
14,5,2,2,0,6.89
12,3,1,3,0,10.95
7,1,2,2,0,6.96
7,4,2,2,1,6.75
14,6,1,3,1,10.24
16,5,2,2,0,8.63
11,6,2,2,1,5.07
15,2,3,1,1,3.09
7,6,2,2,1,6.25
19,5,3,1,0,4.46
9,3,1,3,0,12.29
18,3,2,2,0,12.62
17,0,2,2,1,13.58
9,2,2,2,1,9.82
11,2,1,3,0,11.42
20,4,0,4,1,13.39
16,6,2,2,1,10.21
9,3,1,3,1,14.49
11,3,2,2,0,7.25
7,1,2,2,0,5.13
13,2,0,4,0,12.06
11,6,1,3,0,8.34
13,4,0,4,1,11.66
14,2,1,3,1,9.27
8,2,2,2,1,9.0
12,6,1,3,0,8.76
11,0,2,2,1,6.64
13,6,3,1,0,3.43
17,5,2,2,1,10.37
14,0,0,4,1,11.27
9,4,2,2,0,11.68
16,2,0,4,1,15.51
14,6,3,1,0,4.87
8,2,0,4,1,17.33
20,0,0,4,0,14.36
15,5,3,1,0,5.81
11,5,2,2,0,5.49
8,0,1,3,0,12.38
7,6,3,1,1,2.25
13,3,1,3,0,12.01
20,4,3,1,0,4.64
9,1,1,3,0,14.45
14,2,2,2,0,9.32
17,2,3,1,1,7.11
13,6,3,1,0,4.47
7,4,2,2,0,9.26
16,3,0,4,1,18.25
18,3,2,2,0,13.93
15,1,2,2,1,6.54
9,5,1,3,1,12.88
20,6,1,3,1,8.41
13,0,3,1,1,4.89
16,5,1,3,1,12.74
12,4,3,1,0,3.74
9,1,0,4,0,17.69
10,6,1,3,0,18.09
13,0,0,4,1,11.34
20,5,0,4,1,11.29
20,0,1,3,1,8.32
14,3,1,3,0,9.26
17,2,1,3,0,15.29
19,1,0,4,0,14.52
10,0,1,3,0,13.71
8,2,1,3,1,11.38
20,3,2,2,1,6.86
15,6,1,3,0,11.25
16,0,1,3,1,11.9
7,4,2,2,0,7.72
20,2,3,1,1,2.2
20,1,2,2,0,6.86
15,4,2,2,1,6.86
15,5,0,4,1,12.08
17,0,0,4,1,15.29
19,0,1,3,0,11.39
19,5,0,4,0,13.93
16,5,0,4,1,16.82
16,0,3,1,0,4.36
15,1,2,2,1,6.43
19,6,1,3,0,7.59
10,4,3,1,0,7.72
18,1,3,1,1,6.54
8,4,2,2,1,9.08
7,1,1,3,0,10.04
18,6,0,4,0,15.39
14,1,2,2,0,7.06
10,2,1,3,1,12.28
8,0,2,2,0,11.99
20,1,3,1,1,4.82
19,4,2,2,0,6.91
18,4,0,4,0,17.88
14,2,0,4,0,16.17
15,1,2,2,0,6.67
19,1,0,4,0,14.74
14,0,0,4,1,13.51
11,2,3,1,1,4.48
8,0,2,2,1,11.57
13,3,0,4,0,11.38
13,4,0,4,1,11.09
19,2,0,4,1,13.77
11,6,1,3,0,10.94
13,6,0,4,0,15.5
11,6,3,1,1,2.56
15,2,1,3,1,9.4
10,1,0,4,1,19.05
8,1,2,2,1,9.4
11,2,2,2,1,7.35
19,6,0,4,0,14.54
20,1,3,1,1,2.05
7,3,0,4,1,12.44
20,4,1,3,1,8.18
8,2,2,2,0,11.15
11,6,3,1,0,3.86
17,0,1,3,0,13.88
14,4,2,2,0,6.9
18,2,2,2,0,13.2
18,0,1,3,1,11.96
8,4,0,4,0,17.59
17,3,0,4,1,16.93
12,4,2,2,1,7.93
17,2,3,1,1,6.97
7,2,1,3,0,8.06
12,4,2,2,0,7.26
17,5,1,3,1,14.62
10,4,3,1,0,8.66
14,5,3,1,1,3.97
11,1,2,2,0,10.13
10,3,2,2,0,13.43
13,2,0,4,1,12.68
8,2,3,1,0,8.18
20,1,1,3,1,10.02
17,1,2,2,1,8.72
13,3,1,3,1,9.9
19,1,1,3,1,8.05
8,3,2,2,1,10.35
7,6,3,1,0,3.98
20,4,3,1,1,3.06
13,5,1,3,1,10.45
12,4,0,4,0,13.06
14,3,3,1,1,2.87
14,5,1,3,0,10.37
15,0,1,3,0,10.48
17,3,3,1,1,7.28
16,2,0,4,0,16.25
15,4,3,1,1,2.97
12,6,1,3,0,13.34
18,1,3,1,1,8.15
8,2,2,2,0,8.89
9,2,2,2,0,12.79
10,4,1,3,0,14.22
15,6,1,3,0,10.42
11,4,3,1,1,3.56
20,3,2,2,0,9.62
8,3,3,1,1,7.65
11,5,0,4,1,11.63
10,5,0,4,1,14.32
18,4,0,4,1,16.68
8,5,2,2,0,11.66
17,5,0,4,0,17.59
11,3,1,3,1,10.44
18,3,2,2,0,13.15
20,5,1,3,0,9.93
18,1,0,4,1,17.59
17,4,1,3,1,13.91
9,2,1,3,1,14.14
17,3,2,2,1,8.84
19,6,2,2,1,4.04
17,3,0,4,0,15.48
18,3,1,3,1,15.95
16,3,1,3,0,14.86
19,3,0,4,1,11.78
12,3,3,1,1,3.28
11,0,2,2,1,7.18
12,5,0,4,1,10.77
9,4,1,3,0,16.23
16,4,0,4,0,17.68
12,6,0,4,0,11.01
9,6,3,1,0,6.57
15,5,1,3,0,9.83
8,4,3,1,1,5.02
7,1,1,3,0,8.46
19,3,3,1,0,6.9
20,0,0,4,0,14.13
18,3,0,4,0,19.89
8,5,3,1,0,9.02
18,0,2,2,1,9.13
17,4,3,1,1,5.44
13,4,2,2,1,5.85
18,4,1,3,1,11.56
13,2,0,4,1,11.67
7,3,1,3,1,9.11
16,0,2,2,1,9.46
8,0,1,3,0,15.17
9,3,3,1,0,6.44
18,2,1,3,0,13.77
7,2,1,3,1,9.64
12,5,1,3,1,8.53
15,6,0,4,0,9.84
7,1,0,4,0,13.4
8,0,3,1,1,7.09
14,1,3,1,1,2.03
8,3,2,2,1,10.94
12,4,1,3,0,10.22
19,4,2,2,1,6.42
10,2,1,3,0,14.44
13,1,1,3,1,8.2
7,2,1,3,0,11.39
12,0,0,4,1,12.78
8,2,1,3,1,15.3
11,2,3,1,1,3.1
19,3,2,2,0,4.77
18,1,2,2,0,9.85
16,5,3,1,1,6.41
19,5,3,1,0,6.76
8,6,1,3,0,11.89
7,1,3,1,1,3.99
12,2,0,4,0,13.37
